team,current_elo,last_match_date,points_per_game_last_5,goals_for_avg_last_5,goals_against_avg_last_5,goal_diff_avg_last_5,win_rate_last_5,draw_rate_last_5,loss_rate_last_5,points_per_game_last_10,goals_for_avg_last_10,goals_against_avg_last_10,goal_diff_avg_last_10,win_rate_last_10,draw_rate_last_10,loss_rate_last_10,xg_for_avg_last_5,xg_against_avg_last_5,non_penalty_xg_for_avg_last_5,non_penalty_xg_against_avg_last_5
Abkhazia,1612.3110201248971,2019-06-08,1.8,1.2,0.6,0.6,0.4,0.6,0.0,1.9,1.8,0.7,1.1,0.5,0.4,0.1,0.0,0.0,0.0,0.0
Afghanistan,1304.442169050865,2026-06-07,1.0,0.4,0.8,-0.4,0.2,0.4,0.4,0.5,0.4,1.4,-1.0,0.1,0.2,0.7,0.0,0.0,0.0,0.0
Albania,1548.4938804675235,2026-06-06,0.0,0.2,1.4,-1.2,0.0,0.0,1.0,1.5,0.9,0.9,0.0,0.5,0.0,0.5,0.0,0.0,0.0,0.0
Alderney,1249.2998187893038,2022-04-23,0.6,1.2,3.8,-2.6,0.2,0.0,0.8,0.6,0.9,3.2,-2.3,0.2,0.0,0.8,0.0,0.0,0.0,0.0
Algeria,1819.8698805439165,2026-06-03,2.0,1.8,0.4,1.4,0.6,0.2,0.2,2.3,1.9,0.4,1.5,0.7,0.2,0.1,0.0,0.0,0.0,0.0
American Samoa,1183.0912438382081,2026-03-28,0.0,0.8,4.6,-3.8,0.0,0.0,1.0,0.1,0.6,6.6,-6.0,0.0,0.1,0.9,0.0,0.0,0.0,0.0
Andalusia,1511.7099735734362,2013-06-07,3.0,2.0,1.0,1.0,1.0,0.0,0.0,3.0,2.0,1.0,1.0,1.0,0.0,0.0,0.0,0.0,0.0,0.0
Andorra,1107.8015741034965,2026-06-07,0.8,0.4,1.2,-0.8,0.2,0.2,0.6,0.6,0.5,1.6,-1.1,0.1,0.3,0.6,0.0,0.0,0.0,0.0
Angola,1554.814001323225,2026-06-09,1.2,1.2,0.8,0.4,0.2,0.6,0.2,1.4,1.4,1.1,0.3,0.3,0.5,0.2,0.0,0.0,0.0,0.0
Anguilla,1104.752532863574,2026-03-29,1.2,1.0,2.6,-1.6,0.4,0.0,0.6,0.6,0.8,2.8,-2.0,0.2,0.0,0.8,0.0,0.0,0.0,0.0
Antigua and Barbuda,1244.791827202317,2025-11-18,0.4,0.2,1.4,-1.2,0.0,0.4,0.6,0.2,0.3,2.2,-1.9,0.0,0.2,0.8,0.0,0.0,0.0,0.0
Arameans Suryoye,1537.1306095807865,2014-06-08,2.0,1.8,1.2,0.6,0.6,0.2,0.2,2.0,1.8,1.2,0.6,0.6,0.2,0.2,0.0,0.0,0.0,0.0
Argentina,2007.669061573159,2026-06-09,3.0,2.8,0.2,2.6,1.0,0.0,0.0,2.5,2.5,0.3,2.2,0.8,0.1,0.1,0.0,0.0,0.0,0.0
Armenia,1348.9179055940178,2026-06-09,0.4,0.8,2.8,-2.0,0.0,0.4,0.6,0.6,0.8,2.5,-1.7,0.1,0.3,0.6,0.0,0.0,0.0,0.0
Artsakh,1547.1424938681118,2019-06-08,2.0,1.8,1.6,0.2,0.6,0.2,0.2,1.9,3.1,1.3,1.8,0.6,0.1,0.3,0.0,0.0,0.0,0.0
Aruba,1338.715703975952,2026-06-06,2.0,2.2,1.2,1.0,0.6,0.2,0.2,1.4,1.5,1.9,-0.4,0.4,0.2,0.4,0.0,0.0,0.0,0.0
Australia,1826.7597793327127,2026-06-06,1.4,1.4,1.2,0.2,0.4,0.2,0.4,1.6,1.3,1.0,0.3,0.5,0.1,0.4,0.0,0.0,0.0,0.0
Austria,1751.0389891586779,2026-06-01,2.6,2.0,0.4,1.6,0.8,0.2,0.0,2.5,2.7,0.4,2.3,0.8,0.1,0.1,0.0,0.0,0.0,0.0
Aymara,1469.3070227264693,2022-06-19,0.0,0.5,2.0,-1.5,0.0,0.0,1.0,0.0,0.5,2.0,-1.5,0.0,0.0,1.0,0.0,0.0,0.0,0.0
Azerbaijan,1346.2481363322097,2026-06-09,1.4,2.0,1.6,0.4,0.4,0.2,0.4,0.8,1.2,2.1,-0.9,0.2,0.2,0.6,0.0,0.0,0.0,0.0
Bahamas,1124.2568803398701,2026-03-29,0.0,0.4,4.0,-3.6,0.0,0.0,1.0,0.4,1.2,3.9,-2.7,0.1,0.1,0.8,0.0,0.0,0.0,0.0
Bahrain,1539.2845622749858,2026-06-05,1.2,1.2,2.0,-0.8,0.4,0.0,0.6,0.7,0.9,1.7,-0.8,0.2,0.1,0.7,0.0,0.0,0.0,0.0
Bangladesh,1268.5600831983909,2026-06-05,1.6,1.2,1.4,-0.2,0.4,0.4,0.2,1.3,1.2,1.3,-0.1,0.3,0.4,0.3,0.0,0.0,0.0,0.0
Barawa,1373.4617680774006,2019-05-25,0.6,0.4,5.0,-4.6,0.2,0.0,0.8,0.9,1.4,3.8,-2.4,0.3,0.0,0.7,0.0,0.0,0.0,0.0
Barbados,1258.1150912780172,2026-03-29,0.6,1.4,2.6,-1.2,0.2,0.0,0.8,0.6,1.2,2.3,-1.1,0.1,0.3,0.6,0.0,0.0,0.0,0.0
Basque Country,1596.4631086803977,2025-11-15,2.2,2.0,0.8,1.2,0.6,0.4,0.0,2.2,2.2,0.7,1.5,0.6,0.4,0.0,0.0,0.0,0.0,0.0
Belarus,1486.71526152424,2026-06-09,2.2,1.8,0.8,1.0,0.6,0.4,0.0,1.2,1.3,2.1,-0.8,0.3,0.3,0.4,0.0,0.0,0.0,0.0
Belgium,1814.503228330759,2026-06-06,2.6,4.0,0.6,3.4,0.8,0.2,0.0,2.4,3.7,0.6,3.1,0.7,0.3,0.0,0.0,0.0,0.0,0.0
Belize,1370.6762633602884,2026-03-30,1.2,2.0,2.0,0.0,0.4,0.0,0.6,1.0,1.5,2.7,-1.2,0.3,0.1,0.6,0.0,0.0,0.0,0.0
Benin,1532.641836298284,2026-06-09,1.4,1.0,1.8,-0.8,0.4,0.2,0.4,1.0,0.6,2.0,-1.4,0.3,0.1,0.6,0.0,0.0,0.0,0.0
Bermuda,1394.3693561007562,2026-06-06,0.8,1.0,3.0,-2.0,0.2,0.2,0.6,1.0,1.4,2.6,-1.2,0.3,0.1,0.6,0.0,0.0,0.0,0.0
Bhutan,1075.710634298374,2026-06-04,0.0,0.4,3.8,-3.4,0.0,0.0,1.0,0.4,0.3,2.4,-2.1,0.1,0.1,0.8,0.0,0.0,0.0,0.0
Biafra,1514.9290058542497,2022-05-25,2.0,0.6666666666666666,0.3333333333333333,0.3333333333333333,0.6666666666666666,0.0,0.3333333333333333,2.0,0.6666666666666666,0.3333333333333333,0.3333333333333333,0.6666666666666666,0.0,0.3333333333333333,0.0,0.0,0.0,0.0
Bolivia,1612.986538798103,2026-06-06,1.2,1.2,1.6,-0.4,0.4,0.0,0.6,1.0,0.8,1.7,-0.9,0.3,0.1,0.6,0.0,0.0,0.0,0.0
Bonaire,1267.0307936821262,2026-06-06,0.6,1.2,2.2,-1.0,0.2,0.0,0.8,0.6,0.8,2.2,-1.4,0.2,0.0,0.8,0.0,0.0,0.0,0.0
Bosnia and Herzegovina,1521.0720729951126,2026-06-06,1.0,0.8,0.8,0.0,0.0,1.0,0.0,1.5,2.0,1.0,1.0,0.3,0.6,0.1,0.0,0.0,0.0,0.0
Botswana,1414.6716147752759,2026-03-31,0.6,0.2,2.0,-1.8,0.2,0.0,0.8,0.7,0.6,1.8,-1.2,0.2,0.1,0.7,0.0,0.0,0.0,0.0
Brazil,1901.4718389858358,2026-06-06,2.0,2.6,1.4,1.2,0.6,0.2,0.2,1.9,2.5,1.1,1.4,0.6,0.1,0.3,0.0,0.0,0.0,0.0
British Virgin Islands,1205.068944978702,2026-06-06,2.0,2.6,1.0,1.6,0.6,0.2,0.2,1.4,1.7,1.5,0.2,0.4,0.2,0.4,0.0,0.0,0.0,0.0
Brittany,1497.946984329975,2013-05-28,1.5,0.75,1.0,-0.25,0.5,0.0,0.5,1.5,0.75,1.0,-0.25,0.5,0.0,0.5,0.0,0.0,0.0,0.0
Brunei,1157.30823155023,2025-11-18,0.6,0.4,3.2,-2.8,0.2,0.0,0.8,0.7,0.4,2.4,-2.0,0.2,0.1,0.7,0.0,0.0,0.0,0.0
Bulgaria,1452.6952743707504,2026-06-05,2.0,3.0,1.2,1.8,0.6,0.2,0.2,1.0,1.6,2.4,-0.8,0.3,0.1,0.6,0.0,0.0,0.0,0.0
Burkina Faso,1637.735774999286,2026-06-09,1.0,1.6,1.8,-0.2,0.2,0.4,0.4,1.7,1.8,1.3,0.5,0.5,0.2,0.3,0.0,0.0,0.0,0.0
Burundi,1405.1626728180986,2026-05-26,0.0,0.0,2.2,-2.2,0.0,0.0,1.0,0.7,0.6,1.4,-0.8,0.2,0.1,0.7,0.0,0.0,0.0,0.0
Cambodia,1244.311346370084,2026-06-09,1.4,1.8,1.0,0.8,0.4,0.2,0.4,1.1,1.7,1.5,0.2,0.3,0.2,0.5,0.0,0.0,0.0,0.0
Cameroon,1673.6972902488271,2026-03-31,1.8,1.2,1.0,0.2,0.6,0.0,0.4,1.7,1.0,0.7,0.3,0.5,0.2,0.3,0.0,0.0,0.0,0.0
Canada,1793.5867886478243,2026-06-05,1.8,1.4,0.6,0.8,0.4,0.6,0.0,1.7,1.1,0.4,0.7,0.4,0.5,0.1,0.0,0.0,0.0,0.0
Cape Verde,1625.1657020960984,2026-06-06,1.0,1.4,1.8,-0.4,0.2,0.4,0.4,1.6,1.6,1.2,0.4,0.4,0.4,0.2,0.0,0.0,0.0,0.0
Cascadia,1544.1687694985465,2019-05-25,2.0,4.0,1.8,2.2,0.6,0.2,0.2,1.8571428571428572,3.2857142857142856,2.0,1.2857142857142858,0.5714285714285714,0.14285714285714285,0.2857142857142857,0.0,0.0,0.0,0.0
Catalonia,1527.9905833539144,2019-03-25,1.6,2.0,1.4,0.6,0.4,0.4,0.2,1.625,1.875,1.0,0.875,0.375,0.5,0.125,0.0,0.0,0.0,0.0
Cayman Islands,1211.6513300316747,2026-06-06,1.4,1.6,1.8,-0.2,0.4,0.2,0.4,0.7,0.9,2.4,-1.5,0.2,0.1,0.7,0.0,0.0,0.0,0.0
Central African Republic,1382.5284848059127,2026-06-09,0.8,0.8,2.6,-1.8,0.2,0.2,0.6,0.8,0.7,2.1,-1.4,0.2,0.2,0.6,0.0,0.0,0.0,0.0
Chad,1281.430988332978,2025-11-17,0.2,1.2,2.4,-1.2,0.0,0.2,0.8,0.3,0.8,2.1,-1.3,0.0,0.3,0.7,0.0,0.0,0.0,0.0
Chagos Islands,1369.1621374830147,2019-12-29,0.0,1.2,6.2,-5.0,0.0,0.0,1.0,0.4,1.5,5.6,-4.1,0.1,0.1,0.8,0.0,0.0,0.0,0.0
Chameria,1533.0500662020356,2023-07-01,1.6,1.8,0.8,1.0,0.4,0.4,0.2,1.5714285714285714,2.0,1.1428571428571428,0.8571428571428571,0.42857142857142855,0.2857142857142857,0.2857142857142857,0.0,0.0,0.0,0.0
Chile,1668.7186083758625,2026-06-09,1.8,2.0,2.0,0.0,0.6,0.0,0.4,1.6,1.4,1.6,-0.2,0.5,0.1,0.4,0.0,0.0,0.0,0.0
China,1560.110411753812,2026-06-09,1.6,1.2,1.0,0.2,0.4,0.4,0.2,1.1,0.8,1.2,-0.4,0.3,0.2,0.5,0.0,0.0,0.0,0.0
Cilento,1492.5624919894142,2011-12-29,0.0,0.0,2.0,-2.0,0.0,0.0,1.0,0.0,0.0,2.0,-2.0,0.0,0.0,1.0,0.0,0.0,0.0,0.0
Colombia,1894.988045470333,2026-06-07,1.8,2.0,1.2,0.8,0.6,0.0,0.4,2.2,2.5,1.0,1.5,0.7,0.1,0.2,0.0,0.0,0.0,0.0
Comoros,1473.7679652508107,2026-06-09,1.2,0.2,0.2,0.0,0.2,0.6,0.2,0.7,0.8,1.5,-0.7,0.1,0.4,0.5,0.0,0.0,0.0,0.0
Congo,1355.6271960981537,2025-10-14,0.2,0.8,1.8,-1.0,0.0,0.2,0.8,0.5,0.6,2.3,-1.7,0.1,0.2,0.7,0.0,0.0,0.0,0.0
Cook Islands,1333.1710734879612,2024-09-06,0.6,0.4,2.0,-1.6,0.2,0.0,0.8,0.6,0.5,3.3,-2.8,0.2,0.0,0.8,0.0,0.0,0.0,0.0
Corsica,1528.2587040267351,2017-05-26,1.8,1.0,0.6,0.4,0.4,0.6,0.0,2.0,1.1666666666666667,0.5,0.6666666666666666,0.5,0.5,0.0,0.0,0.0,0.0,0.0
Costa Rica,1689.7816376754713,2026-06-01,0.4,0.6,2.2,-1.6,0.0,0.4,0.6,0.9,1.3,1.8,-0.5,0.1,0.6,0.3,0.0,0.0,0.0,0.0
County of Nice,1572.4694080185525,2015-06-21,2.0,2.2,1.6,0.6,0.6,0.2,0.2,2.111111111111111,2.111111111111111,1.4444444444444444,0.6666666666666666,0.6666666666666666,0.1111111111111111,0.2222222222222222,0.0,0.0,0.0,0.0
Croatia,1813.1609150681954,2026-06-07,1.8,1.6,1.8,-0.2,0.6,0.0,0.4,2.2,1.9,1.0,0.9,0.7,0.1,0.2,0.0,0.0,0.0,0.0
Cuba,1448.9860726444056,2026-03-29,1.6,1.6,1.0,0.6,0.4,0.4,0.2,1.1,1.0,1.9,-0.9,0.3,0.2,0.5,0.0,0.0,0.0,0.0
Curaçao,1602.9391419390686,2026-06-06,0.8,1.2,2.2,-1.0,0.2,0.2,0.6,1.5,1.9,1.4,0.5,0.4,0.3,0.3,0.0,0.0,0.0,0.0
Cyprus,1293.8256333334689,2026-06-07,1.4,1.6,1.6,0.0,0.4,0.2,0.4,1.2,1.6,1.5,0.1,0.3,0.3,0.4,0.0,0.0,0.0,0.0
Czech Republic,1656.2358449100989,2026-06-04,2.2,3.4,1.2,2.2,0.6,0.4,0.0,1.9,2.2,0.9,1.3,0.5,0.4,0.1,0.0,0.0,0.0,0.0
DR Congo,1696.9898527188661,2026-06-09,1.4,0.8,0.6,0.2,0.4,0.2,0.4,1.8,1.1,0.5,0.6,0.5,0.3,0.2,0.0,0.0,0.0,0.0
Darfur,1296.3051609266206,2014-06-07,0.0,0.2,13.2,-13.0,0.0,0.0,1.0,0.0,0.14285714285714285,14.142857142857142,-14.0,0.0,0.0,1.0,0.0,0.0,0.0,0.0
Denmark,1765.5858699420528,2026-06-07,1.6,2.0,1.4,0.6,0.4,0.4,0.2,1.9,2.4,1.0,1.4,0.5,0.4,0.1,0.0,0.0,0.0,0.0
Djibouti,1196.1572006738575,2025-11-26,0.0,0.2,2.8,-2.6,0.0,0.0,1.0,0.2,0.5,2.7,-2.2,0.0,0.2,0.8,0.0,0.0,0.0,0.0
Dominica,1288.973063289325,2026-03-30,0.2,0.6,2.4,-1.8,0.0,0.2,0.8,0.7,0.7,1.8,-1.1,0.1,0.4,0.5,0.0,0.0,0.0,0.0
Dominican Republic,1520.261680935629,2026-06-03,1.2,1.4,1.4,0.0,0.2,0.6,0.2,0.7,1.0,1.6,-0.6,0.1,0.4,0.5,0.0,0.0,0.0,0.0
Donetsk PR,1509.7114875678299,2017-08-31,1.6,1.6,1.2,0.4,0.4,0.4,0.2,1.3333333333333333,1.3333333333333333,1.1666666666666667,0.16666666666666666,0.3333333333333333,0.3333333333333333,0.3333333333333333,0.0,0.0,0.0,0.0
Délvidék,1496.290529044997,2016-08-03,1.5,2.0,1.5,0.5,0.5,0.0,0.5,1.5,2.0,1.5,0.5,0.5,0.0,0.5,0.0,0.0,0.0,0.0
East Turkestan,1464.1841654189639,2025-07-04,1.2,3.0,3.2,-0.2,0.4,0.0,0.6,1.2,3.0,3.2,-0.2,0.4,0.0,0.6,0.0,0.0,0.0,0.0
Ecuador,1870.1094854649375,2026-06-07,2.2,1.8,0.6,1.2,0.6,0.4,0.0,1.8,1.2,0.5,0.7,0.4,0.6,0.0,0.0,0.0,0.0,0.0
Egypt,1748.4955055304551,2026-06-06,1.6,1.2,0.4,0.8,0.4,0.4,0.2,1.8,1.3,0.6,0.7,0.5,0.3,0.2,0.0,0.0,0.0,0.0
El Salvador,1497.4123699189877,2026-06-06,1.0,0.6,1.2,-0.6,0.2,0.4,0.4,0.8,0.5,1.4,-0.9,0.2,0.2,0.6,0.0,0.0,0.0,0.0
Elba Island,1514.2321784446606,2022-07-16,3.0,4.5,1.0,3.5,1.0,0.0,0.0,3.0,4.5,1.0,3.5,1.0,0.0,0.0,0.0,0.0,0.0,0.0
Ellan Vannin,1563.1860908625108,2018-06-03,2.0,1.8,1.0,0.8,0.6,0.2,0.2,1.5,1.6,1.4,0.2,0.4,0.3,0.3,0.0,0.0,0.0,0.0
England,1913.6618312634264,2026-06-06,2.0,1.2,0.4,0.8,0.6,0.2,0.2,2.2,2.2,0.5,1.7,0.7,0.1,0.2,0.0,0.0,0.0,0.0
Equatorial Guinea,1449.1988061613392,2026-06-09,0.8,0.6,1.2,-0.6,0.2,0.2,0.6,0.5,0.5,1.5,-1.0,0.1,0.2,0.7,0.0,0.0,0.0,0.0
Eritrea,1326.0995107008248,2019-09-10,0.0,0.4,2.0,-1.6,0.0,0.0,1.0,0.1,0.4,2.1,-1.7,0.0,0.1,0.9,0.0,0.0,0.0,0.0
Estonia,1337.9797221550778,2026-06-09,2.0,1.4,1.0,0.4,0.6,0.2,0.2,1.2,1.0,1.8,-0.8,0.3,0.3,0.4,0.0,0.0,0.0,0.0
Eswatini,1352.2688691832743,2025-10-13,0.4,1.0,2.6,-1.6,0.0,0.4,0.6,0.5,0.7,2.4,-1.7,0.0,0.5,0.5,0.0,0.0,0.0,0.0
Ethiopia,1422.0609405886544,2026-06-09,1.4,0.8,1.2,-0.4,0.4,0.2,0.4,1.3,1.2,1.4,-0.2,0.4,0.1,0.5,0.0,0.0,0.0,0.0
Falkland Islands,1327.8153134530005,2023-07-13,0.2,0.6,3.2,-2.6,0.0,0.2,0.8,0.1,0.7,3.3,-2.6,0.0,0.1,0.9,0.0,0.0,0.0,0.0
Faroe Islands,1343.202971988873,2026-06-09,1.8,1.0,1.0,0.0,0.6,0.0,0.4,2.1,1.4,0.8,0.6,0.7,0.0,0.3,0.0,0.0,0.0,0.0
Felvidék,1501.0341762518635,2017-06-09,1.8,1.0,0.8,0.2,0.6,0.0,0.4,1.4,1.1,1.6,-0.5,0.4,0.2,0.4,0.0,0.0,0.0,0.0
Fiji,1458.8037205950848,2026-06-06,0.0,0.2,3.4,-3.2,0.0,0.0,1.0,0.6,0.7,2.8,-2.1,0.1,0.3,0.6,0.0,0.0,0.0,0.0
Finland,1484.0410915514453,2026-06-05,1.4,1.6,1.4,0.2,0.4,0.2,0.4,1.0,1.1,1.7,-0.6,0.3,0.1,0.6,0.0,0.0,0.0,0.0
France,1950.599194709275,2026-06-08,2.4,2.4,1.2,1.2,0.8,0.0,0.2,2.5,2.5,0.9,1.6,0.8,0.1,0.1,0.0,0.0,0.0,0.0
Franconia,1480.8745034592048,2019-06-25,2.0,2.6666666666666665,3.6666666666666665,-1.0,0.6666666666666666,0.0,0.3333333333333333,2.0,2.6666666666666665,3.6666666666666665,-1.0,0.6666666666666666,0.0,0.3333333333333333,0.0,0.0,0.0,0.0
French Guiana,1478.9450057714585,2024-11-19,0.4,1.4,2.0,-0.6,0.0,0.4,0.6,1.1,1.7,1.5,0.2,0.3,0.2,0.5,0.0,0.0,0.0,0.0
Frøya,1300.5908431340276,2025-07-17,0.6,1.0,4.8,-3.8,0.2,0.0,0.8,0.4,1.3,3.9,-2.6,0.1,0.1,0.8,0.0,0.0,0.0,0.0
Gabon,1530.6409771718106,2026-03-30,0.2,1.4,2.4,-1.0,0.0,0.2,0.8,1.1,1.8,1.9,-0.1,0.3,0.2,0.5,0.0,0.0,0.0,0.0
Galicia,1486.2929005521137,2024-05-21,1.0,1.0,2.75,-1.75,0.25,0.25,0.5,1.0,1.0,2.75,-1.75,0.25,0.25,0.5,0.0,0.0,0.0,0.0
Gambia,1510.6861921405005,2026-05-29,0.8,2.8,2.4,0.4,0.2,0.2,0.6,1.4,2.2,1.6,0.6,0.4,0.2,0.4,0.0,0.0,0.0,0.0
Georgia,1572.421259128781,2026-06-05,1.6,1.6,1.0,0.6,0.4,0.4,0.2,1.1,1.4,1.8,-0.4,0.3,0.2,0.5,0.0,0.0,0.0,0.0
Germany,1865.198877378553,2026-06-06,3.0,3.6,1.0,2.6,1.0,0.0,0.0,2.7,2.8,0.8,2.0,0.9,0.0,0.1,0.0,0.0,0.0,0.0
Ghana,1607.1154519049212,2026-06-02,0.2,0.6,2.2,-1.6,0.0,0.2,0.8,1.1,1.1,1.4,-0.3,0.3,0.2,0.5,0.0,0.0,0.0,0.0
Gibraltar,1115.0300418321528,2026-06-06,1.8,2.6,2.0,0.6,0.6,0.0,0.4,0.9,1.4,1.9,-0.5,0.3,0.0,0.7,0.0,0.0,0.0,0.0
Gotland,1443.3269395132274,2017-06-29,1.2,3.8,1.6,2.2,0.4,0.0,0.6,0.9,2.9,1.9,1.0,0.3,0.0,0.7,0.0,0.0,0.0,0.0
Gozo,1499.887751513543,2025-07-17,1.0,0.8,1.2,-0.4,0.2,0.4,0.4,1.4,2.6,1.4,1.2,0.4,0.2,0.4,0.0,0.0,0.0,0.0
Greece,1654.920627422861,2026-06-07,0.6,0.4,0.8,-0.4,0.0,0.6,0.4,0.9,1.2,1.6,-0.4,0.2,0.3,0.5,0.0,0.0,0.0,0.0
Greenland,1508.8832277161857,2024-06-01,0.8,1.0,3.6,-2.6,0.2,0.2,0.6,1.5,1.4,2.2,-0.8,0.4,0.3,0.3,0.0,0.0,0.0,0.0
Grenada,1355.004027566702,2026-05-16,0.6,0.4,2.6,-2.2,0.2,0.0,0.8,1.5,1.7,2.1,-0.4,0.5,0.0,0.5,0.0,0.0,0.0,0.0
Guadeloupe,1552.5265765534073,2025-06-24,1.2,1.4,2.0,-0.6,0.4,0.0,0.6,1.6,1.5,1.1,0.4,0.5,0.1,0.4,0.0,0.0,0.0,0.0
Guam,1171.8627251934693,2026-06-06,0.6,1.6,4.0,-2.4,0.2,0.0,0.8,0.7,1.4,2.8,-1.4,0.2,0.1,0.7,0.0,0.0,0.0,0.0
Guatemala,1598.4961487248045,2026-06-07,0.6,1.2,3.8,-2.6,0.2,0.0,0.8,0.8,1.0,2.4,-1.4,0.2,0.2,0.6,0.0,0.0,0.0,0.0
Guernsey,1652.0466011365818,2023-07-13,1.8,1.4,0.8,0.6,0.6,0.0,0.4,1.8,2.3,1.0,1.3,0.6,0.0,0.4,0.0,0.0,0.0,0.0
Guinea,1543.106946160941,2026-06-04,1.0,1.0,1.0,0.0,0.2,0.4,0.4,1.3,1.2,0.9,0.3,0.3,0.4,0.3,0.0,0.0,0.0,0.0
Guinea-Bissau,1388.7408218960923,2026-03-31,0.8,0.6,1.6,-1.0,0.2,0.2,0.6,0.5,0.6,1.7,-1.1,0.1,0.2,0.7,0.0,0.0,0.0,0.0
Guyana,1528.2373584851111,2026-03-30,3.0,2.8,0.6,2.2,1.0,0.0,0.0,2.4,2.6,1.2,1.4,0.8,0.0,0.2,0.0,0.0,0.0,0.0
Haiti,1672.377185243505,2026-06-05,1.4,1.6,0.8,0.8,0.4,0.2,0.4,1.5,1.5,1.0,0.5,0.4,0.3,0.3,0.0,0.0,0.0,0.0
Hitra,1443.4020531901751,2025-07-17,1.2,2.8,2.6,0.2,0.4,0.0,0.6,1.3,2.3,2.9,-0.6,0.4,0.1,0.5,0.0,0.0,0.0,0.0
Hmong,1474.5178197109767,2023-08-08,1.0,2.0,3.3333333333333335,-1.3333333333333333,0.3333333333333333,0.0,0.6666666666666666,1.0,2.0,3.3333333333333335,-1.3333333333333333,0.3333333333333333,0.0,0.6666666666666666,0.0,0.0,0.0,0.0
Honduras,1649.5200738995802,2026-06-06,1.0,1.0,1.2,-0.2,0.2,0.4,0.4,1.1,0.8,0.8,0.0,0.2,0.5,0.3,0.0,0.0,0.0,0.0
Hong Kong,1404.1943824484724,2026-06-09,1.0,1.0,1.2,-0.2,0.2,0.4,0.4,1.5,1.9,1.1,0.8,0.4,0.3,0.3,0.0,0.0,0.0,0.0
Hungary,1650.9349331448166,2026-06-09,2.0,1.6,1.0,0.6,0.6,0.2,0.2,1.8,1.7,1.2,0.5,0.5,0.3,0.2,0.0,0.0,0.0,0.0
Iceland,1520.5916966081506,2026-06-09,0.4,0.6,2.2,-1.6,0.0,0.4,0.6,0.6,1.1,2.2,-1.1,0.1,0.3,0.6,0.0,0.0,0.0,0.0
India,1302.5884030462187,2026-06-09,0.2,0.4,1.6,-1.2,0.0,0.2,0.8,0.3,0.4,1.4,-1.0,0.0,0.3,0.7,0.0,0.0,0.0,0.0
Indonesia,1527.2885459597894,2026-06-09,1.8,1.6,0.4,1.2,0.6,0.0,0.4,1.6,1.7,1.1,0.6,0.5,0.1,0.4,0.0,0.0,0.0,0.0
Iran,1835.9480882535083,2026-06-04,2.0,2.2,0.6,1.6,0.6,0.2,0.2,1.7,1.7,0.6,1.1,0.5,0.2,0.3,0.0,0.0,0.0,0.0
Iraq,1729.1289846095776,2026-06-09,1.4,0.8,1.0,-0.2,0.4,0.2,0.4,1.7,1.1,1.0,0.1,0.5,0.2,0.3,0.0,0.0,0.0,0.0
Iraqi Kurdistan,1610.8495473764806,2016-06-04,1.8,1.8,0.6,1.2,0.4,0.6,0.0,1.5,2.3,0.9,1.4,0.3,0.6,0.1,0.0,0.0,0.0,0.0
Isle of Man,1679.861380132043,2025-07-18,2.4,4.6,1.4,3.2,0.8,0.0,0.2,2.1,3.5,1.2,2.3,0.7,0.0,0.3,0.0,0.0,0.0,0.0
Isle of Wight,1607.6653414429352,2023-07-13,1.8,1.6,1.2,0.4,0.6,0.0,0.4,2.2,1.9,0.9,1.0,0.7,0.1,0.2,0.0,0.0,0.0,0.0
Israel,1550.332324288008,2026-06-03,1.6,1.4,1.2,0.2,0.4,0.4,0.2,1.7,1.9,1.7,0.2,0.5,0.2,0.3,0.0,0.0,0.0,0.0
Italy,1775.7769731320755,2026-06-07,2.0,1.2,1.0,0.2,0.6,0.2,0.2,2.5,2.4,1.0,1.4,0.8,0.1,0.1,0.0,0.0,0.0,0.0
Ivory Coast,1757.7051949717845,2026-06-04,2.4,2.4,0.8,1.6,0.8,0.0,0.2,2.2,1.9,0.8,1.1,0.7,0.1,0.2,0.0,0.0,0.0,0.0
Jamaica,1633.5772705610777,2026-06-06,1.2,0.6,1.0,-0.4,0.4,0.0,0.6,1.4,0.9,0.8,0.1,0.4,0.2,0.4,0.0,0.0,0.0,0.0
Japan,1900.3911399450917,2026-05-31,3.0,1.6,0.0,1.6,1.0,0.0,0.0,2.3,1.9,0.6,1.3,0.7,0.2,0.1,0.0,0.0,0.0,0.0
Jersey,1721.2102238593739,2025-07-18,2.0,2.8,1.8,1.0,0.6,0.2,0.2,2.5,2.7,1.0,1.7,0.8,0.1,0.1,0.0,0.0,0.0,0.0
Jordan,1731.3985849202015,2026-06-07,0.4,1.4,2.6,-1.2,0.0,0.4,0.6,1.7,1.7,1.5,0.2,0.5,0.2,0.3,0.0,0.0,0.0,0.0
Kabylia,1469.9401196905683,2018-06-09,1.0,1.6,1.4,0.2,0.2,0.4,0.4,0.8333333333333334,1.3333333333333333,2.5,-1.1666666666666667,0.16666666666666666,0.3333333333333333,0.5,0.0,0.0,0.0,0.0
Kazakhstan,1426.23567688311,2026-06-09,1.4,1.0,1.0,0.0,0.4,0.2,0.4,1.2,1.1,1.4,-0.3,0.3,0.3,0.4,0.0,0.0,0.0,0.0
Kenya,1476.2746683471487,2026-06-04,1.0,1.0,2.6,-1.6,0.2,0.4,0.4,1.5,1.4,1.7,-0.3,0.4,0.3,0.3,0.0,0.0,0.0,0.0
Kernow,1519.2219412099103,2023-07-16,3.0,3.5,0.5,3.0,1.0,0.0,0.0,3.0,3.5,0.5,3.0,1.0,0.0,0.0,0.0,0.0,0.0,0.0
Kiribati,1382.6411166479768,2011-09-05,0.0,0.5,11.5,-11.0,0.0,0.0,1.0,0.0,0.5,11.5,-11.0,0.0,0.0,1.0,0.0,0.0,0.0,0.0
Kosovo,1619.3409688292866,2026-06-07,1.4,1.8,1.4,0.4,0.4,0.2,0.4,1.7,1.4,1.1,0.3,0.5,0.2,0.3,0.0,0.0,0.0,0.0
Kurdistan,1570.7326315301173,2013-06-28,2.6,2.4,0.4,2.0,0.8,0.2,0.0,2.6,2.4,0.4,2.0,0.8,0.2,0.0,0.0,0.0,0.0,0.0
Kuwait,1497.9011268773804,2026-06-05,1.0,1.4,1.8,-0.4,0.2,0.4,0.4,1.0,1.5,2.2,-0.7,0.2,0.4,0.4,0.0,0.0,0.0,0.0
Kyrgyzstan,1486.6225337137412,2026-06-09,0.6,0.6,1.4,-0.8,0.0,0.6,0.4,0.7,1.0,1.7,-0.7,0.1,0.4,0.5,0.0,0.0,0.0,0.0
Kárpátalja,1583.278992230415,2018-06-09,2.6,2.8,0.8,2.0,0.8,0.2,0.0,1.9,2.4,1.2,1.2,0.5,0.4,0.1,0.0,0.0,0.0,0.0
Laos,1146.2165665453272,2025-11-19,0.6,0.6,3.2,-2.6,0.2,0.0,0.8,0.5,1.1,2.9,-1.8,0.1,0.2,0.7,0.0,0.0,0.0,0.0
Latvia,1258.5655650115566,2026-06-09,0.4,0.4,1.8,-1.4,0.0,0.4,0.6,0.5,0.5,1.4,-0.9,0.0,0.5,0.5,0.0,0.0,0.0,0.0
Lebanon,1494.016403415422,2025-11-26,2.0,2.0,0.4,1.6,0.6,0.2,0.2,1.8,2.1,0.5,1.6,0.5,0.3,0.2,0.0,0.0,0.0,0.0
Lesotho,1417.6243212367337,2026-06-04,1.0,0.6,0.8,-0.2,0.2,0.4,0.4,0.9,0.7,1.9,-1.2,0.2,0.3,0.5,0.0,0.0,0.0,0.0
Liberia,1433.4804479486038,2026-06-09,0.8,1.0,1.4,-0.4,0.2,0.2,0.6,1.2,1.3,1.5,-0.2,0.3,0.3,0.4,0.0,0.0,0.0,0.0
Libya,1532.1623317857589,2026-03-31,1.4,0.6,0.4,0.2,0.2,0.8,0.0,1.5,1.1,0.9,0.2,0.3,0.6,0.1,0.0,0.0,0.0,0.0
Liechtenstein,996.4384684065733,2026-06-07,0.6,0.4,3.0,-2.6,0.2,0.0,0.8,0.3,0.3,3.3,-3.0,0.1,0.0,0.9,0.0,0.0,0.0,0.0
Lithuania,1252.3758217763418,2026-06-09,0.8,0.6,1.6,-1.0,0.2,0.2,0.6,0.6,0.7,1.6,-0.9,0.1,0.3,0.6,0.0,0.0,0.0,0.0
Luhansk PR,1489.9627445900262,2019-12-08,1.4,1.8,2.2,-0.4,0.4,0.2,0.4,1.1666666666666667,1.5,2.0,-0.5,0.3333333333333333,0.16666666666666666,0.5,0.0,0.0,0.0,0.0
Luxembourg,1371.1383015487374,2026-06-06,0.6,0.2,1.2,-1.0,0.2,0.0,0.8,0.4,0.2,1.5,-1.3,0.1,0.1,0.8,0.0,0.0,0.0,0.0
Macau,1089.5216429660288,2026-03-29,0.0,0.4,3.0,-2.6,0.0,0.0,1.0,0.1,0.3,2.8,-2.5,0.0,0.1,0.9,0.0,0.0,0.0,0.0
Madagascar,1505.0665169694676,2026-06-02,1.4,1.8,2.2,-0.4,0.4,0.2,0.4,1.6,1.7,1.9,-0.2,0.5,0.1,0.4,0.0,0.0,0.0,0.0
Madrid,1488.2900264265638,2013-06-07,0.0,1.0,2.0,-1.0,0.0,0.0,1.0,0.0,1.0,2.0,-1.0,0.0,0.0,1.0,0.0,0.0,0.0,0.0
Malawi,1431.9057111937138,2026-06-09,1.0,0.4,0.6,-0.2,0.2,0.4,0.4,1.2,0.9,0.9,0.0,0.3,0.3,0.4,0.0,0.0,0.0,0.0
Malaysia,1562.362772426938,2025-11-18,3.0,2.4,0.4,2.0,1.0,0.0,0.0,2.3,1.9,0.6,1.3,0.7,0.2,0.1,0.0,0.0,0.0,0.0
Maldives,1151.9276936971091,2026-06-01,0.0,0.0,2.2,-2.2,0.0,0.0,1.0,0.4,0.6,2.0,-1.4,0.1,0.1,0.8,0.0,0.0,0.0,0.0
Mali,1667.0299367831415,2026-06-04,0.6,0.2,0.8,-0.6,0.0,0.6,0.4,1.4,1.2,0.9,0.3,0.3,0.5,0.2,0.0,0.0,0.0,0.0
Malta,1278.0457784020755,2026-06-05,1.2,1.4,1.8,-0.4,0.4,0.0,0.6,1.1,1.1,2.3,-1.2,0.3,0.2,0.5,0.0,0.0,0.0,0.0
Mapuche,1502.0737939623855,2022-06-18,1.5,1.5,1.0,0.5,0.5,0.0,0.5,1.5,1.5,1.0,0.5,0.5,0.0,0.5,0.0,0.0,0.0,0.0
Marshall Islands,1437.7395253709583,2025-08-16,0.0,1.0,3.5,-2.5,0.0,0.0,1.0,0.0,1.0,3.5,-2.5,0.0,0.0,1.0,0.0,0.0,0.0,0.0
Martinique,1487.9712702696086,2026-03-29,0.4,0.4,1.2,-0.8,0.0,0.4,0.6,0.7,0.6,1.2,-0.6,0.1,0.4,0.5,0.0,0.0,0.0,0.0
Matabeleland,1484.5338915366074,2022-05-25,1.6,0.6,0.4,0.2,0.4,0.4,0.2,1.375,0.875,1.75,-0.875,0.375,0.25,0.375,0.0,0.0,0.0,0.0
Maule Sur,1528.6191833111452,2022-06-19,3.0,1.0,0.0,1.0,1.0,0.0,0.0,3.0,1.0,0.0,1.0,1.0,0.0,0.0,0.0,0.0,0.0,0.0
Mauritania,1452.3292099208566,2026-06-08,0.8,0.6,1.2,-0.6,0.2,0.2,0.6,1.0,0.6,1.1,-0.5,0.2,0.4,0.4,0.0,0.0,0.0,0.0
Mauritius,1290.7900455359957,2025-10-13,0.4,0.8,2.0,-1.2,0.0,0.4,0.6,0.6,0.6,1.5,-0.9,0.1,0.3,0.6,0.0,0.0,0.0,0.0
Mayotte,1510.0890021098962,2023-08-26,1.6,1.2,0.6,0.6,0.4,0.4,0.2,1.7,1.2,0.8,0.4,0.5,0.2,0.3,0.0,0.0,0.0,0.0
Menorca,1516.4392593564678,2023-07-13,0.6,1.2,1.6,-0.4,0.2,0.0,0.8,1.4,1.8,1.2,0.6,0.4,0.2,0.4,0.0,0.0,0.0,0.0
Mexico,1848.5948183696164,2026-06-04,2.2,1.8,0.4,1.4,0.6,0.4,0.0,2.1,1.6,0.4,1.2,0.6,0.3,0.1,0.0,0.0,0.0,0.0
Moldova,1257.5534046654354,2026-06-09,0.4,1.2,2.4,-1.2,0.0,0.4,0.6,0.3,0.9,3.2,-2.3,0.0,0.3,0.7,0.0,0.0,0.0,0.0
Monaco,1477.1130270700385,2017-04-29,1.4,1.0,3.2,-2.2,0.4,0.2,0.4,1.25,1.125,3.0,-1.875,0.375,0.125,0.5,0.0,0.0,0.0,0.0
Mongolia,1183.2033647130825,2026-06-05,0.6,0.4,2.6,-2.2,0.2,0.0,0.8,0.6,0.5,2.4,-1.9,0.2,0.0,0.8,0.0,0.0,0.0,0.0
Montenegro,1422.0888804121635,2026-06-05,1.4,1.8,1.6,0.2,0.4,0.2,0.4,1.3,1.3,2.0,-0.7,0.4,0.1,0.5,0.0,0.0,0.0,0.0
Montserrat,1359.051836703947,2025-06-10,0.6,0.4,1.4,-1.0,0.2,0.0,0.8,0.6,0.6,2.0,-1.4,0.2,0.0,0.8,0.0,0.0,0.0,0.0
Morocco,1903.0627442801099,2026-06-07,2.2,2.6,0.6,2.0,0.6,0.4,0.0,2.4,2.2,0.3,1.9,0.7,0.3,0.0,0.0,0.0,0.0,0.0
Mozambique,1484.3639210257334,2026-06-09,0.6,0.8,2.0,-1.2,0.2,0.0,0.8,1.0,1.0,1.5,-0.5,0.3,0.1,0.6,0.0,0.0,0.0,0.0
Myanmar,1264.9751256687591,2026-06-09,0.8,1.8,3.0,-1.2,0.2,0.2,0.6,1.4,1.6,2.4,-0.8,0.4,0.2,0.4,0.0,0.0,0.0,0.0
Namibia,1431.3500506639782,2026-03-28,0.2,0.0,2.0,-2.0,0.0,0.2,0.8,0.8,0.7,1.6,-0.9,0.2,0.2,0.6,0.0,0.0,0.0,0.0
Nepal,1216.6725224074419,2025-11-18,0.4,0.6,1.4,-0.8,0.0,0.4,0.6,0.9,0.7,1.1,-0.4,0.2,0.3,0.5,0.0,0.0,0.0,0.0
Netherlands,1853.8098335991535,2026-06-08,2.0,1.8,0.8,1.0,0.6,0.2,0.2,2.1,2.2,0.8,1.4,0.6,0.3,0.1,0.0,0.0,0.0,0.0
New Caledonia,1593.5344014241637,2026-03-26,1.4,1.2,1.0,0.2,0.4,0.2,0.4,2.0,2.3,1.0,1.3,0.6,0.2,0.2,0.0,0.0,0.0,0.0
New Zealand,1674.7921039505527,2026-06-06,0.6,0.8,2.0,-1.2,0.2,0.0,0.8,0.4,0.7,1.8,-1.1,0.1,0.1,0.8,0.0,0.0,0.0,0.0
Nicaragua,1518.0901369183373,2026-06-05,0.8,0.6,1.8,-1.2,0.2,0.2,0.6,0.5,0.5,2.2,-1.7,0.1,0.2,0.7,0.0,0.0,0.0,0.0
Niger,1483.0229871754625,2026-06-08,0.6,0.4,0.8,-0.4,0.0,0.6,0.4,1.2,0.9,1.3,-0.4,0.3,0.3,0.4,0.0,0.0,0.0,0.0
Nigeria,1783.6496682821899,2026-06-03,2.2,2.2,1.0,1.2,0.6,0.4,0.0,2.2,2.0,0.6,1.4,0.6,0.4,0.0,0.0,0.0,0.0,0.0
North Korea,1497.0747538649066,2025-06-10,0.4,1.0,2.6,-1.6,0.0,0.4,0.6,0.4,1.0,2.1,-1.1,0.0,0.4,0.6,0.0,0.0,0.0,0.0
North Macedonia,1528.5149184533495,2026-06-01,0.4,0.2,3.0,-2.8,0.0,0.4,0.6,0.8,0.8,1.8,-1.0,0.1,0.5,0.4,0.0,0.0,0.0,0.0
Northern Cyprus,1641.8553254883013,2018-06-09,2.2,3.2,1.0,2.2,0.6,0.4,0.0,2.0,2.8,0.8,2.0,0.5,0.5,0.0,0.0,0.0,0.0,0.0
Northern Ireland,1517.7234038148254,2026-06-08,1.4,0.8,1.2,-0.4,0.4,0.2,0.4,1.3,1.0,1.2,-0.2,0.4,0.1,0.5,0.0,0.0,0.0,0.0
Northern Mariana Islands,1253.9356093659264,2024-04-07,1.4,1.8,2.4,-0.6,0.4,0.2,0.4,0.8,1.0,4.4,-3.4,0.2,0.2,0.6,0.0,0.0,0.0,0.0
Norway,1795.1320180119665,2026-06-07,1.6,1.8,1.0,0.8,0.4,0.4,0.2,2.1,3.1,0.8,2.3,0.6,0.3,0.1,0.0,0.0,0.0,0.0
Occitania,1664.5327883257328,2014-12-30,2.2,1.8,0.6,1.2,0.6,0.4,0.0,2.4,3.3,0.6,2.7,0.7,0.3,0.0,0.0,0.0,0.0,0.0
Oman,1586.6048881716824,2026-06-05,1.0,0.6,1.2,-0.6,0.2,0.4,0.4,1.0,0.7,1.1,-0.4,0.2,0.4,0.4,0.0,0.0,0.0,0.0
Orkney,1488.994249515355,2025-07-17,1.8,2.0,1.6,0.4,0.6,0.0,0.4,1.6,1.9,1.8,0.1,0.5,0.1,0.4,0.0,0.0,0.0,0.0
Padania,1634.7894931588348,2019-06-08,1.4,2.0,1.0,1.0,0.4,0.2,0.4,1.7,2.5,0.9,1.6,0.5,0.2,0.3,0.0,0.0,0.0,0.0
Pakistan,1236.7081316571366,2026-06-07,1.6,1.2,1.2,0.0,0.4,0.4,0.2,0.8,0.6,2.2,-1.6,0.2,0.2,0.6,0.0,0.0,0.0,0.0
Palestine,1584.1013982828001,2026-06-09,0.8,0.6,0.8,-0.2,0.0,0.8,0.2,0.9,0.5,0.9,-0.4,0.1,0.6,0.3,0.0,0.0,0.0,0.0
Panama,1752.6209622445642,2026-06-06,1.6,2.0,2.2,-0.2,0.4,0.4,0.2,1.6,1.8,1.6,0.2,0.4,0.4,0.2,0.0,0.0,0.0,0.0
Panjab,1563.3247400716796,2019-12-29,1.4,3.6,2.0,1.6,0.4,0.2,0.4,1.4,3.0,1.4,1.6,0.4,0.2,0.4,0.0,0.0,0.0,0.0
Papua New Guinea,1495.9926383184913,2025-11-23,2.6,2.0,1.0,1.0,0.8,0.2,0.0,1.8,1.8,1.5,0.3,0.5,0.3,0.2,0.0,0.0,0.0,0.0
Paraguay,1767.8416847871465,2026-06-05,1.8,1.8,1.0,0.8,0.6,0.0,0.4,1.4,1.2,1.0,0.2,0.4,0.2,0.4,0.0,0.0,0.0,0.0
Parishes of Jersey,1514.3274496128518,2019-06-02,2.0,3.6666666666666665,1.3333333333333333,2.3333333333333335,0.6666666666666666,0.0,0.3333333333333333,2.0,3.6666666666666665,1.3333333333333333,2.3333333333333335,0.6666666666666666,0.0,0.3333333333333333,0.0,0.0,0.0,0.0
Peru,1638.4502942354823,2026-06-08,0.8,1.2,2.0,-0.8,0.2,0.2,0.6,0.6,0.8,1.7,-0.9,0.1,0.3,0.6,0.0,0.0,0.0,0.0
Philippines,1443.2262000491883,2026-06-09,3.0,3.8,0.8,3.0,1.0,0.0,0.0,2.5,2.9,1.1,1.8,0.8,0.1,0.1,0.0,0.0,0.0,0.0
Poland,1648.4016386951084,2026-06-03,1.4,1.8,2.0,-0.2,0.4,0.2,0.4,1.8,1.7,1.3,0.4,0.5,0.3,0.2,0.0,0.0,0.0,0.0
Portugal,1887.6179041601529,2026-06-06,2.0,2.6,0.8,1.8,0.6,0.2,0.2,2.1,2.6,1.0,1.6,0.6,0.3,0.1,0.0,0.0,0.0,0.0
Provence,1501.2402788630823,2013-06-28,1.2,6.2,2.4,3.8,0.4,0.0,0.6,1.2,5.5,2.0,3.5,0.4,0.0,0.6,0.0,0.0,0.0,0.0
Puerto Rico,1463.2583646542728,2026-06-05,1.8,1.6,2.0,-0.4,0.6,0.0,0.4,1.1,1.1,1.9,-0.8,0.3,0.2,0.5,0.0,0.0,0.0,0.0
Qatar,1582.775568492789,2026-06-06,0.4,0.2,1.2,-1.0,0.0,0.4,0.6,0.7,0.7,1.5,-0.8,0.1,0.4,0.5,0.0,0.0,0.0,0.0
Quebec,1548.627590276607,2013-06-27,2.0,8.0,0.6666666666666666,7.333333333333333,0.6666666666666666,0.0,0.3333333333333333,2.0,8.0,0.6666666666666666,7.333333333333333,0.6666666666666666,0.0,0.3333333333333333,0.0,0.0,0.0,0.0
Raetia,1404.3572998306204,2023-08-06,1.6,3.4,2.2,1.2,0.4,0.4,0.2,1.0,2.5,3.2,-0.7,0.2,0.4,0.4,0.0,0.0,0.0,0.0
Republic of Ireland,1624.7423217235757,2026-06-05,1.8,1.8,0.6,1.2,0.4,0.6,0.0,1.8,1.6,0.8,0.8,0.5,0.3,0.2,0.0,0.0,0.0,0.0
Rhodes,1499.088109605054,2011-06-27,1.5,1.0,1.5,-0.5,0.5,0.0,0.5,1.5,1.0,1.5,-0.5,0.5,0.0,0.5,0.0,0.0,0.0,0.0
Romani people,1453.4341832979703,2016-05-16,0.6,1.6,2.8,-1.2,0.2,0.0,0.8,0.5,1.6666666666666667,4.166666666666667,-2.5,0.16666666666666666,0.0,0.8333333333333334,0.0,0.0,0.0,0.0
Romania,1577.4534112040199,2026-06-06,1.4,2.0,1.2,0.8,0.4,0.2,0.4,1.4,1.6,1.5,0.1,0.4,0.2,0.4,0.0,0.0,0.0,0.0
Russia,1747.032743246356,2026-06-09,2.0,1.8,0.4,1.4,0.6,0.2,0.2,2.0,1.9,0.7,1.2,0.6,0.2,0.2,0.0,0.0,0.0,0.0
Rwanda,1449.8908728062145,2026-03-30,1.8,1.4,0.8,0.6,0.6,0.0,0.4,1.0,0.8,1.2,-0.4,0.3,0.1,0.6,0.0,0.0,0.0,0.0
Ryūkyū,1476.3858763162905,2016-11-26,0.0,0.0,9.0,-9.0,0.0,0.0,1.0,0.0,0.0,9.0,-9.0,0.0,0.0,1.0,0.0,0.0,0.0,0.0
Réunion,1593.458736181191,2023-09-02,1.2,0.8,0.8,0.0,0.2,0.6,0.2,1.8,1.6,0.6,1.0,0.5,0.3,0.2,0.0,0.0,0.0,0.0
Saare County,1470.0954737012266,2017-06-29,1.6,2.4,2.0,0.4,0.4,0.4,0.2,1.1,1.6,2.1,-0.5,0.3,0.2,0.5,0.0,0.0,0.0,0.0
Saint Barthélemy,1453.4048448052743,2023-03-10,1.4,3.0,2.4,0.6,0.4,0.2,0.4,1.3,2.5,3.0,-0.5,0.4,0.1,0.5,0.0,0.0,0.0,0.0
Saint Helena,1368.5607699867296,2023-07-13,0.0,0.6,3.8,-3.2,0.0,0.0,1.0,0.0,0.75,5.125,-4.375,0.0,0.0,1.0,0.0,0.0,0.0,0.0
Saint Kitts and Nevis,1358.438926273854,2026-03-30,1.4,1.6,2.6,-1.0,0.4,0.2,0.4,1.3,2.1,2.7,-0.6,0.4,0.1,0.5,0.0,0.0,0.0,0.0
Saint Lucia,1324.560390318386,2026-03-27,0.6,0.8,3.4,-2.6,0.2,0.0,0.8,0.9,0.9,3.1,-2.2,0.3,0.0,0.7,0.0,0.0,0.0,0.0
Saint Martin,1407.7136262966467,2026-03-29,1.8,1.8,1.0,0.8,0.6,0.0,0.4,1.5,1.7,1.7,0.0,0.5,0.0,0.5,0.0,0.0,0.0,0.0
Saint Pierre and Miquelon,1325.0111821726402,2012-09-28,0.0,0.4,12.0,-11.6,0.0,0.0,1.0,0.0,0.2857142857142857,11.142857142857142,-10.857142857142858,0.0,0.0,1.0,0.0,0.0,0.0,0.0
Saint Vincent and the Grenadines,1420.58701301347,2026-03-29,1.8,1.6,1.6,0.0,0.6,0.0,0.4,1.9,2.6,1.1,1.5,0.6,0.1,0.3,0.0,0.0,0.0,0.0
Samoa,1363.8827379636493,2024-11-18,1.2,1.0,3.2,-2.2,0.4,0.0,0.6,1.2,1.2,3.0,-1.8,0.4,0.0,0.6,0.0,0.0,0.0,0.0
San Marino,921.4460970261675,2026-06-09,0.2,0.8,2.6,-1.8,0.0,0.2,0.8,0.1,0.5,3.7,-3.2,0.0,0.1,0.9,0.0,0.0,0.0,0.0
Saudi Arabia,1668.8097144117316,2026-06-09,0.8,1.0,1.6,-0.6,0.2,0.2,0.6,1.3,1.2,1.3,-0.1,0.4,0.1,0.5,0.0,0.0,0.0,0.0
Saugeais,1496.1876045040772,2013-06-29,1.0,1.0,1.0,0.0,0.0,1.0,0.0,1.0,1.0,1.0,0.0,0.0,1.0,0.0,0.0,0.0,0.0,0.0
Scotland,1694.770830299277,2026-06-06,1.8,2.4,1.0,1.4,0.6,0.0,0.4,1.9,2.1,1.0,1.1,0.6,0.1,0.3,0.0,0.0,0.0,0.0
Sealand,1495.523976943077,2014-08-10,2.2,3.2,1.6,1.6,0.6,0.4,0.0,1.6,2.4,2.5,-0.1,0.4,0.4,0.2,0.0,0.0,0.0,0.0
Seborga,1487.8290272033312,2014-08-10,0.0,2.0,3.0,-1.0,0.0,0.0,1.0,0.0,2.0,3.0,-1.0,0.0,0.0,1.0,0.0,0.0,0.0,0.0
Senegal,1821.05769843465,2026-06-09,1.4,1.4,1.4,0.0,0.4,0.2,0.4,2.0,1.6,0.9,0.7,0.6,0.2,0.2,0.0,0.0,0.0,0.0
Serbia,1652.6420500647303,2026-06-04,1.2,1.0,2.6,-1.6,0.4,0.0,0.6,1.2,0.9,2.2,-1.3,0.4,0.0,0.6,0.0,0.0,0.0,0.0
Seychelles,1101.4493276071657,2025-10-14,0.0,0.0,5.6,-5.6,0.0,0.0,1.0,0.0,0.2,5.3,-5.1,0.0,0.0,1.0,0.0,0.0,0.0,0.0
Shetland,1518.8856322306842,2025-07-17,1.6,2.6,1.4,1.2,0.4,0.4,0.2,1.1,1.8,2.0,-0.2,0.3,0.2,0.5,0.0,0.0,0.0,0.0
Sierra Leone,1469.4212364154369,2026-06-09,1.4,1.0,1.2,-0.2,0.4,0.2,0.4,1.4,1.1,1.1,0.0,0.4,0.2,0.4,0.0,0.0,0.0,0.0
Singapore,1412.214029011168,2026-06-05,1.8,2.2,1.4,0.8,0.6,0.0,0.4,1.7,1.9,1.3,0.6,0.5,0.2,0.3,0.0,0.0,0.0,0.0
Sint Maarten,1404.9089120333242,2026-03-30,2.2,1.4,0.8,0.6,0.6,0.4,0.0,1.7,1.3,2.2,-0.9,0.5,0.2,0.3,0.0,0.0,0.0,0.0
Slovakia,1598.4282374984095,2026-06-05,1.4,1.8,2.6,-0.8,0.4,0.2,0.4,1.9,1.5,1.5,0.0,0.6,0.1,0.3,0.0,0.0,0.0,0.0
Slovenia,1621.8358894683608,2026-06-07,1.0,1.2,1.4,-0.2,0.2,0.4,0.4,0.8,0.8,1.4,-0.6,0.1,0.5,0.4,0.0,0.0,0.0,0.0
Solomon Islands,1407.7643181613203,2026-03-30,0.0,1.2,4.0,-2.8,0.0,0.0,1.0,0.6,1.6,2.9,-1.3,0.2,0.0,0.8,0.0,0.0,0.0,0.0
Somalia,1222.7872759852946,2025-11-26,0.8,0.4,1.4,-1.0,0.2,0.2,0.6,0.5,0.4,1.7,-1.3,0.1,0.2,0.7,0.0,0.0,0.0,0.0
Somaliland,1479.9664087006834,2019-05-04,1.2,2.4,3.6,-1.2,0.4,0.0,0.6,1.1666666666666667,2.3333333333333335,3.3333333333333335,-1.0,0.3333333333333333,0.16666666666666666,0.5,0.0,0.0,0.0,0.0
South Africa,1629.822839350573,2026-06-06,1.0,0.8,1.0,-0.2,0.2,0.4,0.4,1.7,1.5,1.0,0.5,0.5,0.2,0.3,0.0,0.0,0.0,0.0
South Korea,1810.3450596080675,2026-06-03,1.8,1.4,1.0,0.4,0.6,0.0,0.4,1.9,1.5,1.2,0.3,0.6,0.1,0.3,0.0,0.0,0.0,0.0
South Ossetia,1476.5665544302858,2019-12-08,1.6,1.6,1.2,0.4,0.4,0.4,0.2,1.4,1.3,2.2,-0.9,0.4,0.2,0.4,0.0,0.0,0.0,0.0
South Sudan,1307.1785111733086,2025-11-25,0.4,0.2,2.2,-2.0,0.0,0.4,0.6,0.6,0.6,2.0,-1.4,0.1,0.3,0.6,0.0,0.0,0.0,0.0
Spain,2032.8734662260913,2026-06-08,1.8,1.8,0.8,1.0,0.4,0.6,0.0,2.4,2.8,0.4,2.4,0.7,0.3,0.0,0.0,0.0,0.0,0.0
Sri Lanka,1205.3525023916116,2025-11-18,0.8,0.6,2.0,-1.4,0.2,0.2,0.6,1.3,0.9,1.5,-0.6,0.4,0.1,0.5,0.0,0.0,0.0,0.0
Sudan,1470.6861883877114,2026-01-03,0.6,0.6,2.2,-1.6,0.2,0.0,0.8,0.7,0.5,1.7,-1.2,0.2,0.1,0.7,0.0,0.0,0.0,0.0
Suriname,1589.5576333776064,2026-03-26,1.0,1.6,1.4,0.2,0.2,0.4,0.4,1.0,1.3,1.4,-0.1,0.2,0.4,0.4,0.0,0.0,0.0,0.0
Surrey,1510.994477004672,2018-05-06,3.0,3.0,1.0,2.0,1.0,0.0,0.0,3.0,3.0,1.0,2.0,1.0,0.0,0.0,0.0,0.0,0.0,0.0
Sweden,1637.886265970484,2026-06-04,1.6,2.0,1.8,0.2,0.4,0.4,0.2,0.9,1.3,2.0,-0.7,0.2,0.3,0.5,0.0,0.0,0.0,0.0
Switzerland,1793.061473008591,2026-06-06,1.2,1.8,1.4,0.4,0.2,0.6,0.2,1.9,2.2,0.8,1.4,0.5,0.4,0.1,0.0,0.0,0.0,0.0
Syria,1601.4417953673058,2026-06-05,1.0,0.6,1.2,-0.6,0.2,0.4,0.4,1.8,2.0,0.9,1.1,0.5,0.3,0.2,0.0,0.0,0.0,0.0
Székely Land,1482.1572743010324,2023-07-02,1.4,3.0,1.8,1.2,0.4,0.2,0.4,1.1,2.1,2.2,-0.1,0.3,0.2,0.5,0.0,0.0,0.0,0.0
Sápmi,1449.6567718705546,2023-07-16,0.6,0.8,2.6,-1.8,0.2,0.0,0.8,0.9,1.1,2.0,-0.9,0.3,0.0,0.7,0.0,0.0,0.0,0.0
São Tomé and Príncipe,1249.9470123006536,2025-10-13,0.6,0.8,2.8,-2.0,0.2,0.0,0.8,0.5,0.6,2.1,-1.5,0.1,0.2,0.7,0.0,0.0,0.0,0.0
Tahiti,1533.1384126734063,2025-03-21,1.8,1.4,1.4,0.0,0.6,0.0,0.4,1.6,1.2,1.4,-0.2,0.5,0.1,0.4,0.0,0.0,0.0,0.0
Taiwan,1188.5883682250426,2025-11-18,0.0,0.6,4.0,-3.4,0.0,0.0,1.0,0.6,1.4,2.9,-1.5,0.2,0.0,0.8,0.0,0.0,0.0,0.0
Tajikistan,1493.4449063325983,2026-06-09,2.6,2.8,0.4,2.4,0.8,0.2,0.0,2.3,2.2,1.1,1.1,0.7,0.2,0.1,0.0,0.0,0.0,0.0
Tamil Eelam,1574.3844614528577,2025-07-04,3.0,3.4,0.6,2.8,1.0,0.0,0.0,2.4,2.7,1.3,1.4,0.8,0.0,0.2,0.0,0.0,0.0,0.0
Tanzania,1411.2365736447573,2026-03-29,1.0,1.6,0.8,0.8,0.2,0.4,0.4,0.5,1.2,1.4,-0.2,0.1,0.2,0.7,0.0,0.0,0.0,0.0
Thailand,1573.3097639811215,2026-06-09,2.2,3.0,1.0,2.0,0.6,0.4,0.0,2.0,2.3,0.9,1.4,0.6,0.2,0.2,0.0,0.0,0.0,0.0
Tibet,1351.623114805201,2025-07-03,0.2,2.4,4.2,-1.8,0.0,0.2,0.8,0.2,1.6,4.1,-2.5,0.0,0.2,0.8,0.0,0.0,0.0,0.0
Ticino,1439.501027037329,2023-08-06,0.0,1.0,6.5,-5.5,0.0,0.0,1.0,0.0,1.0,6.5,-5.5,0.0,0.0,1.0,0.0,0.0,0.0,0.0
Timor-Leste,1125.2139570332329,2025-11-18,0.6,0.6,2.6,-2.0,0.2,0.0,0.8,0.3,0.6,3.5,-2.9,0.1,0.0,0.9,0.0,0.0,0.0,0.0
Togo,1487.0318205475587,2026-06-09,1.8,1.8,0.8,1.0,0.4,0.6,0.0,1.3,1.2,1.1,0.1,0.3,0.4,0.3,0.0,0.0,0.0,0.0
Tonga,1251.087999742127,2024-09-09,1.2,2.2,2.0,0.2,0.4,0.0,0.6,0.6,1.2,4.5,-3.3,0.2,0.0,0.8,0.0,0.0,0.0,0.0
Trinidad and Tobago,1521.6462280259527,2026-06-09,0.2,0.6,3.4,-2.8,0.0,0.2,0.8,0.7,1.0,2.3,-1.3,0.1,0.4,0.5,0.0,0.0,0.0,0.0
Tunisia,1702.3444641764431,2026-06-06,1.0,0.4,1.4,-1.0,0.2,0.4,0.4,1.3,1.3,1.4,-0.1,0.3,0.4,0.3,0.0,0.0,0.0,0.0
Turkey,1817.3469809900391,2026-06-06,2.6,2.0,0.6,1.4,0.8,0.2,0.0,2.5,2.5,1.3,1.2,0.8,0.1,0.1,0.0,0.0,0.0,0.0
Turkmenistan,1447.1441986808445,2025-11-18,2.4,2.0,1.0,1.0,0.8,0.0,0.2,1.6,1.6,1.4,0.2,0.5,0.1,0.4,0.0,0.0,0.0,0.0
Turks and Caicos Islands,1198.515465342017,2025-08-16,1.4,1.2,2.2,-1.0,0.4,0.2,0.4,1.0,0.9,1.8,-0.9,0.2,0.4,0.4,0.0,0.0,0.0,0.0
Tuvalu,1312.32348242774,2023-11-30,1.2,1.6,4.2,-2.6,0.4,0.0,0.6,0.7,1.3,5.6,-4.3,0.2,0.1,0.7,0.0,0.0,0.0,0.0
Two Sicilies,1427.5005810687405,2023-07-02,0.6,0.4,2.8,-2.4,0.2,0.0,0.8,0.5,0.5,3.0,-2.5,0.16666666666666666,0.0,0.8333333333333334,0.0,0.0,0.0,0.0
Uganda,1525.3925221513,2025-12-30,0.8,1.0,2.4,-1.4,0.2,0.2,0.6,1.4,1.4,1.5,-0.1,0.4,0.2,0.4,0.0,0.0,0.0,0.0
Ukraine,1706.9036437167883,2026-06-07,1.8,1.4,1.0,0.4,0.6,0.0,0.4,1.6,1.5,1.6,-0.1,0.5,0.1,0.4,0.0,0.0,0.0,0.0
United Arab Emirates,1649.6177629662682,2025-12-15,1.0,1.2,1.6,-0.4,0.2,0.4,0.4,1.2,1.2,1.4,-0.2,0.3,0.3,0.4,0.0,0.0,0.0,0.0
United Koreans in Japan,1508.9390730403297,2018-06-09,1.2,1.4,0.8,0.6,0.2,0.6,0.2,1.2,1.9,0.8,1.1,0.2,0.6,0.2,0.0,0.0,0.0,0.0
United States,1746.548187320294,2026-06-06,1.2,2.2,2.4,-0.2,0.4,0.0,0.6,1.6,1.8,1.7,0.1,0.5,0.1,0.4,0.0,0.0,0.0,0.0
United States Virgin Islands,1177.7443005177477,2026-03-28,1.4,2.2,1.6,0.6,0.4,0.2,0.4,1.0,1.5,2.0,-0.5,0.2,0.4,0.4,0.0,0.0,0.0,0.0
Uruguay,1818.716972174499,2026-03-31,1.2,0.8,1.4,-0.6,0.2,0.6,0.2,1.6,1.0,0.9,0.1,0.4,0.4,0.2,0.0,0.0,0.0,0.0
Uzbekistan,1776.4182077425626,2026-06-08,1.0,1.2,1.4,-0.2,0.2,0.4,0.4,1.5,1.4,0.9,0.5,0.4,0.3,0.3,0.0,0.0,0.0,0.0
Vanuatu,1471.1171923533348,2026-06-06,2.0,1.8,1.2,0.6,0.6,0.2,0.2,1.4,1.6,2.2,-0.6,0.4,0.2,0.4,0.0,0.0,0.0,0.0
Vatican City,1436.5085043040408,2022-04-22,0.4,0.8,2.0,-1.2,0.0,0.4,0.6,0.2857142857142857,0.8571428571428571,3.0,-2.142857142857143,0.0,0.2857142857142857,0.7142857142857143,0.0,0.0,0.0,0.0
Venezuela,1701.7695409711428,2026-06-09,1.4,1.4,1.0,0.4,0.4,0.2,0.4,1.0,1.1,1.7,-0.6,0.3,0.1,0.6,0.0,0.0,0.0,0.0
Vietnam,1526.258874840961,2026-03-26,2.4,1.8,1.0,0.8,0.8,0.0,0.2,2.7,2.4,1.0,1.4,0.9,0.0,0.1,0.0,0.0,0.0,0.0
Wales,1629.9492621236054,2026-06-06,1.2,2.2,1.2,1.0,0.2,0.6,0.2,1.2,1.5,1.4,0.1,0.3,0.3,0.4,0.0,0.0,0.0,0.0
West Papua,1476.7034037681296,2022-11-13,0.5,1.5,4.5,-3.0,0.0,0.5,0.5,0.5,1.5,4.5,-3.0,0.0,0.5,0.5,0.0,0.0,0.0,0.0
Western Armenia,1510.6914451822652,2019-06-09,1.0,1.6,1.0,0.6,0.2,0.4,0.4,1.4,2.0,1.3,0.7,0.4,0.2,0.4,0.0,0.0,0.0,0.0
Western Isles,1427.7862018013511,2025-07-17,1.4,1.4,1.2,0.2,0.4,0.2,0.4,1.0,1.1,1.9,-0.8,0.3,0.1,0.6,0.0,0.0,0.0,0.0
Western Sahara,1416.4305793346916,2013-06-28,1.2,2.2,4.4,-2.2,0.4,0.0,0.6,0.75,1.75,4.5,-2.75,0.25,0.0,0.75,0.0,0.0,0.0,0.0
Yemen,1406.6173537169173,2025-11-26,2.2,4.4,1.0,3.4,0.6,0.4,0.0,1.8,2.8,1.0,1.8,0.5,0.3,0.2,0.0,0.0,0.0,0.0
Ynys Môn,1623.8066872828883,2025-07-17,2.4,2.2,1.4,0.8,0.8,0.0,0.2,2.7,2.1,1.0,1.1,0.9,0.0,0.1,0.0,0.0,0.0,0.0
Yorkshire,1551.8379738568156,2019-06-01,2.4,4.0,2.0,2.0,0.8,0.0,0.2,2.2857142857142856,3.857142857142857,1.5714285714285714,2.2857142857142856,0.7142857142857143,0.14285714285714285,0.14285714285714285,0.0,0.0,0.0,0.0
Yoruba Nation,1483.6245572461182,2022-05-23,0.5,0.5,1.0,-0.5,0.0,0.5,0.5,0.5,0.5,1.0,-0.5,0.0,0.5,0.5,0.0,0.0,0.0,0.0
Zambia,1523.0701720281597,2026-03-31,0.4,0.6,2.4,-1.8,0.0,0.4,0.6,0.5,0.5,2.3,-1.8,0.1,0.2,0.7,0.0,0.0,0.0,0.0
Zanzibar,1556.961181323089,2025-01-13,2.0,1.2,0.8,0.4,0.6,0.2,0.2,2.0,1.3,0.8,0.5,0.6,0.2,0.2,0.0,0.0,0.0,0.0
Zimbabwe,1460.715172509636,2026-05-30,1.4,1.4,1.2,0.2,0.4,0.2,0.4,1.1,1.1,1.3,-0.2,0.3,0.2,0.5,0.0,0.0,0.0,0.0
Åland Islands,1460.178860185603,2023-07-13,0.8,0.8,1.8,-1.0,0.2,0.2,0.6,1.0,0.8,1.4,-0.6,0.2,0.4,0.4,0.0,0.0,0.0,0.0
